derrick,001,derrick@st.com
kevin,002,kevin@st.com
jason,003,jason@st.com
ngaifong,004,ngaifong@st.com
reuben,005,reuben@st.com
joe,006,joe@st.com
ian,007,ian@st.com
gene,008,gene@st.com
yuanhui,009,yuanhui@st.com
wenbing,010,wenbing@st.com
jiaxiong,011,jiaxiong@st.com
yve,012,yve@st.com
jasmine,013,jasmine@st.com
shiny,014,shiny@st.com
veronica,015,veronica@st.com