derrick,derrick,adminkevin,kevin,lecturerjason,jason,studentngaifong,ngaifong,adminreuben,reuben,studentjoe,joe,adminian,ian,tutorgene,gene,tutoryuanhui,yuanhui,studentwenbing,wenbing,adminjiaxiong,jiaxiong,studentyve,yve,studentjasmine,jasmine,studentshiny,shiny,studentveronica,veronica,student