derrick,derrickkevin,kevinjason,jasonngaifong,ngaifongreuben,reubenjoe,joeian,iangene,geneyuanhui,yuanhuiwenbing,wenbingjiaxiong,jiaxiongyve,yvejasmine,jasmineshiny,shinyveronica,veronica